"idecadastro","txNomeParlamentar","Alimentação","Combustível","Locação de veículos","Passagens aéreas","Escritório","Divulgação de atividade parlamentar"
3151,"JAIRO ATAÍDE",268.6,473.36,0,2343.68,158.88,9000
4929,"JOSEPH BANDEIRA",0,0,0,12228.75,0,0
4930,"SILVIO COSTA",0,72397.37,149080.4,117521.91,83416.89,22000
4931,"IZALCI LUCAS",0,25012.19,79750,0,63251.76,86470
62881,"DANILO FORTE",9114.97,32692.85,94800,130592.29,33840.2,131024
64960,"MARIA HELENA",7924.72,61530.66,56800,185589.51,28981.22,206819.97
66179,"NORMA AYUB",0,3279.33,14612.81,17764.36,13718.14,0
66828,"FAUSTO PINATO",3587.72,54086.35,130800,157629.02,11765.35,35522
67138,"IRACEMA PORTELLA",0,27808.2,81800,141473.99,3158.4,72550
67312,"JÚLIA MARINHO",7563.76,32240.02,75532.4,122349.58,7564.1,197926
68731,"HENRIQUE OLIVEIRA",0,0,0,0,0,0
69871,"BACELAR",2536.37,23558.95,199650.2,158971.64,190664.18,288590
72442,"FELIPE CARRERAS",0,0,0,3019.27,0,0
72912,"CELSO PANSERA",4808.43,24047.53,0,85297,35678.82,36118.5
73424,"SIMÃO SESSIM",23534.17,35909.47,92100,77159.87,53171.52,11951.7
73433,"ARLINDO CHINAGLIA",2655.26,11163.19,65320,329190.21,117102.23,333466
73434,"ARNALDO FARIA DE SÁ",0,560,0,285637.33,398.98,408441.97
73437,"BETO MANSUR",138.5,0,0,139924.55,212837.68,183102.9
73441,"CELSO RUSSOMANNO",7265.11,46570.54,7385.15,104035.28,4695.81,4500
73447,"EDINHO ARAÚJO",2411.96,6439.6,0,43037.71,17369.5,24687
73458,"ALEX CANZIANI",734.09,63054.49,4100,435821.77,125789.23,128914.71
73459,"DR. ROSINHA",49.9,982.96,0,4182.64,0,0
73463,"OSMAR SERRAGLIO",3333.47,58723.23,126740.75,89107.42,35738.22,92850
73464,"OLIVEIRA FILHO",1268.57,627.97,0,1729,6911,24050
73466,"RUBENS BUENO",23573.2,25851.05,67564,172015.93,4192,49303.24
73474,"LUCI CHOINACKI",0,2607.2,0,6887.24,0,25000
73478,"BETO ALBUQUERQUE",21,933.1,0,5909.3,8817.63,340
73481,"FERNANDO MARRONI",2247.7,29064.39,17121.67,99655.58,0,119276
73482,"HENRIQUE FONTANA",3666.98,45652.54,21998.15,197411.25,77791.07,48805.01
73483,"LUIS CARLOS HEINZE",5224.17,56108.42,21900,154162,15338.15,24541
73486,"POMPEO DE MATTOS",20966,54130.45,87555.8,89603.91,49803.4,230922.25
73507,"ROSE DE FREITAS",0,150,0,11527.58,2660.62,0
73531,"IVAN VALENTE",0,41684.32,0,190263.93,158902.18,53478.28
73535,"JORGE TADEU MUDALEN",5758.86,61337.55,0,166785.37,42255.07,33500
73536,"JOSÉ ANÍBAL",0,1746.53,0,6621.53,10397.33,9720
73553,"NELSON MARQUEZELLI",0,82598.86,0,70302.64,4434.06,335059
73559,"SALVADOR ZIMBALDI",0,4500,0,17918.11,672.35,10800
73560,"SILVIO TORRES",10313.25,26140.68,0,112973.18,52841.28,130166.76
73568,"CELSO JACOB",13754.79,39363.16,38586.8,72224.59,55772.5,235213.7
73579,"ALBERTO FRAGA",3841,25853.02,91200,15897.12,30865.02,666223.95
73584,"ANTONIO CARLOS MENDES THAME",0,34622.98,41885.5,190149.14,169159.75,85599
73586,"JÚLIO DELGADO",1430.16,32756.19,95070,124792.82,51079.78,142361.4
73588,"MAURO BENEVIDES",0,2993,0,4227.5,0,0
73653,"WELLINGTON FAGUNDES",0,0,0,8846.98,0,20000
73655,"AUGUSTO CARVALHO",247.55,35148.35,595.69,5645.75,1268.39,286363.58
73666,"JOVAIR ARANTES",0,72426.96,87280,28769.21,174835.46,34000
73674,"ROBERTO BALESTRA",4435,50507.01,162483,19612.63,48866.21,208120
73676,"SANDRO MABEL",0,2516.3,0,3724.75,384,0
73677,"VILMAR ROCHA",39.48,2836.73,9146.66,0,191.22,10000
73682,"JOÃO DADO",0,0,0,0,0,0
73692,"OSMAR TERRA",4905.68,22110.49,2976.04,167897.95,69735.62,79416.5
73701,"BENEDITA DA SILVA",2638.19,63644.1,0,207504.13,233961.89,254553.6
73714,"JOSÉ REINALDO",0,12603.28,25301.2,91573.11,319,231400
73720,"CESAR SOUZA",3898.54,17394.91,40000,89242.29,15785.72,45500
73764,"ABELARDO LUPION",0,0,0,2070.5,0,29964
73768,"DILCEU SPERAFICO",3501.97,47212.95,0,134558.07,49836.97,158415
73772,"HERMES PARCIANELLO",0,38335.08,11943.52,22103.19,39584.42,141320
73777,"LUCIANO PIZZATTO",0,0,0,0,0,0
73778,"LUIZ CARLOS HAULY",131.56,36771.69,0,189972.59,105161.46,122140
73781,"NELSON MEURER",661.53,77929.52,140000,89841.39,46637.88,106000
73782,"ODÍLIO BALBINOTTI",0,4397.6,10000,2979.72,1194.87,0
73786,"REINHOLD STEPHANES",122.66,6438.31,193.28,15801.58,23951.25,100
73788,"RICARDO BARROS",0,19289.68,0,113745.76,34157.04,52450
73793,"EDINHO BEZ",11056.58,65757.04,9866,103296.61,180.35,181843.12
73805,"ROBERTO FREIRE",31029.06,11858.15,49081.16,81814.57,77200.48,30500
73808,"SÉRGIO BRITO",5389.56,23456.18,15925.5,136013.06,41717.22,57280
73874,"JOÃO PIZZOLATTI",0,0,0,10329.86,0,0
73883,"PAULO BORNHAUSEN",214.4,1900.66,8793.72,3817.01,2181.3,0
73891,"DARCÍSIO PERONDI",11108.75,54530.3,92768.7,93883.48,4334.24,38928
73892,"ELISEU PADILHA",0,0,0,-1492.83,0,0
73893,"ENIO BACCI",0,2190.77,0,1093.4,0,29600
73924,"DAVI ALCOLUMBRE",0,0,9990,8251.14,2860,0
73926,"JANETE CAPIBERIBE",0,26085.78,119366,77614.59,31975.65,156660
73930,"WLADIMIR COSTA",0,0,38500,230185.35,85500,150770
73931,"ZÉ GERALDO",0,35035.15,20254.16,180382.65,40000,310000
73937,"ANSELMO DE JESUS",61.51,4500,9866.2,0,4632.04,0
73940,"HENRIQUE AFONSO",0,4500,0,7773.04,3057.3,22000
73943,"PERPÉTUA ALMEIDA",0,2533.79,13488.81,15908.28,2685.4,200
73945,"EDUARDO GOMES",0,1809.35,3010,11885.02,0,9900
73982,"LUCIANO CASTRO",163.24,4484.81,0,14008.23,2247.58,0
73992,"YEDA CRUSIUS",0,3255.55,9700,20201.66,17147.25,1211.7
74010,"VALDIR COLATTO",6030.95,54740.84,8494,118174.54,79750.39,108842.43
74017,"PAULO FEIJÓ",0,31618.03,72000,118430.64,53277.4,159500
74037,"FÁTIMA BEZERRA",0,1611.62,0,7794.89,2840,788
74039,"SANDRA ROSADO",726.34,4500,0,3130.55,960,26000
74040,"BENJAMIN MARANHÃO",4262.69,102359.66,179766.4,139536.13,71162.46,439868.33
74041,"LUIZ COUTO",0,33676.39,37330,148422.56,49919.39,43030
74043,"WELLINGTON ROBERTO",3480.2,36605.13,19000,133339.07,6141.9,376500
74047,"PAULO RUBEM SANTIAGO",0,0,0,9843.94,0,28139.72
74048,"RAUL JUNGMANN",7795.94,36480.17,12800,132123.95,47994.49,133400
74049,"JOÃO LYRA",0,0,0,4669.7,0,0
74050,"MAURÍCIO QUINTELLA LESSA",1423.19,9000,110000,150263.36,0,141500
74052,"BOSCO COSTA",1732.72,15260.54,14299.99,15269.05,0,31580
74056,"MENDONÇA PRADO",0,1714.42,0,5938.94,255.66,29478
74057,"ALICE PORTUGAL",3706.84,59815.54,73473.45,258976.48,100907.27,377879.95
74060,"DANIEL ALMEIDA",1454.37,71685.38,103679.49,138517.01,60033.82,74058.25
74062,"FÁBIO SOUTO",0,3716.78,10000,1867.64,0,11000
74065,"FÁTIMA PELAES",257.51,4487.99,0,5647.9,0,28075.17
74075,"ELCIONE BARBALHO",10909.98,25654.92,4000,140353.35,30901.8,241002.1
74077,"GIOVANNI QUEIROZ",192.83,4131.58,0,2567.44,2800,0
74079,"JOSÉ PRIANTE",0,4235,142920,204988.46,22693.79,68220
74090,"ÁTILA LINS",0,3000,640000.01,290999.36,1335.23,1000
74094,"DR. LUIZ FERNANDO",0,4150,0,2151.96,2350,27500
74095,"PAUDERNEY AVELINO",1099.46,33546.4,101070.76,160106.97,889.85,112050
74103,"ARIOSTO HOLANDA",1540.52,38608.67,45635,59791.28,44606.01,34830
74106,"EDSON SILVA",0,0,6250,0,0,26950
74108,"NARCIO RODRIGUES",0,862.54,0,10390.68,2500,14400.03
74119,"EMANUEL FERNANDES",0,1314.56,2134.54,680.29,3083.8,0
74120,"JOÃO MAGALHÃES",89,3495.34,0,15804.82,0,5000
74124,"MARÇAL FILHO",0,4070.25,10000,0,0,14700
74133,"LUIZ ALBERTO",0,362.23,8135,4378.1,0,20000
74140,"JOSÉ CARLOS ARAÚJO",15288.84,72858.47,95200,55218.98,59116.34,6600
74141,"JOSIAS GOMES",0,0,0,24.33,0,0
74151,"GERALDO THADEU",1690.1,3666.51,0,4766.19,738.65,14638
74156,"LEONARDO MONTEIRO",0,55829.19,114620.16,198168.32,72439.66,27108
74158,"MÁRIO HERINGER",92,12110.62,66176,175016.69,73134.8,4600
74159,"ODAIR CUNHA",0,0,0,0,0,0
74160,"PATRUS ANANIAS",1553.11,3223.15,0,34189.57,55883.15,22215
74161,"REGINALDO LOPES",0,38067.82,64005,148473.9,26109.98,96428
74162,"IRINY LOPES",0,0,4909.6,10295.09,0,16000
74163,"CARLOS MANATO",0,21767.86,54000,118170.67,30709.77,287558.73
74171,"CHICO ALENCAR",2490.89,16418.36,2100,152878.16,149161.86,7795
74172,"DELEY",596.91,42286.35,46500,103641.3,93145.82,143860
74173,"EDUARDO CUNHA",0,43547.33,0,15684.44,88593.49,90000
74177,"MARINHA RAUPP",628.36,28869.05,65449.85,243122.81,50396.23,34944
74191,"OSVALDO REIS",0,2434.29,0,2324.59,0,19657
74197,"DOMINGOS DUTRA",0,0,4000,13434.04,0,16250
74200,"GASTÃO VIEIRA",0,0,0,1892.6,0,20800
74207,"PEDRO NOVAIS",2059.01,4382.08,7000,1592.77,0,8000
74210,"SARNEY FILHO",0,0,60000,107633.11,17229.62,17610
74212,"ANÍBAL GOMES",0,107787.26,247632.47,251152.71,1630.89,104999.96
74213,"ANTONIO BALHMANN",711.59,13126.2,13800,69892.36,440,30000
74216,"RAIMUNDO GOMES DE MATOS",0,55039.62,58206,125392.55,182939.71,77275.78
74235,"MARCUS VICENTE",2863.97,17346.98,48507.1,131349.42,82316.16,97000
74253,"JULIO LOPES",0,11454.17,14292.21,171013.4,184290.59,99302.8
74254,"LEONARDO PICCIANI",0,36069.38,0,262180.07,423.36,23060
74262,"CARLOS SAMPAIO",0,0,53094.7,306356.34,52477.99,0
74264,"DEVANIR RIBEIRO",0,0,0,4515.03,0,0
74270,"GILBERTO NASCIMENTO",3733.77,21852.42,7800,73091.05,34896.43,75000
74273,"JEFFERSON CAMPOS",855.71,82865.72,91500,92106.15,98973.48,118721
74275,"JOSÉ MENTOR",11502.19,21001.44,0,192518.15,13331.2,99830
74277,"LOBBE NETO",4192.28,24130.97,44360,69494.9,18976.59,88081.67
74283,"VICENTINHO",2178.33,48531.4,0,144498.13,43494.4,17358.34
74290,"CARLOS ALBERTO LERÉIA",0,4500,0,4601.66,7548.39,0
74291,"ARNON BEZERRA",187.5,108390,331427.3,209133.98,1372.7,227160
74297,"JOSÉ LINHARES",0,651.23,0,5703.66,4954.79,4500
74299,"LEÔNIDAS CRISTINO",8025.09,32835.21,128014.14,149495.03,41066.2,156527.8
74308,"VICENTE ARRUDA",0,13796.67,14000,118247.54,295,0
74317,"JÚLIO CESAR",0,88137.84,252300,146918.94,3117.66,29003
74319,"PAES LANDIM",797.5,9188.17,218763.32,177001.8,0,46050
74321,"BETINHO ROSADO",0,4500,0,14430.67,0,0
74324,"HENRIQUE EDUARDO ALVES",0,4500,0,10178.25,0,4300
74345,"EVANDRO MILHOMEN",0,80,6959.99,1474.05,0,0
74351,"JOSUÉ BENGTSON",61.38,64333.82,450,149408.46,8622.19,138340.5
74352,"NILSON PINTO",0,68025.73,185652.57,137401.81,112686.67,0
74356,"SILAS CÂMARA",0,18592.8,198900,91284.54,0,312883.64
74359,"NILTON CAPIXABA",0,45440.88,147300,149768.12,10020.4,306443.14
74363,"MARCIO BITTAR",0,0,0,6877.64,0,25000
74366,"JOÃO CAMPOS",562.17,76752.79,83340.3,40645.58,91620.57,175041.2
74367,"LEANDRO VILELA",0,2964.93,6900,0,0,0
74371,"RUBENS OTONI",0,63544.24,62250,3585.67,155087.51,51171.2
74372,"SANDES JÚNIOR",4854.77,28000.21,81300,22954.87,15475.36,70090.7
74373,"BIFFI",0,3357.72,10000,8086.55,3420,0
74374,"GERALDO RESENDE",6185.25,66589.45,0,107850.26,94669.33,213705
74376,"VANDER LOUBET",983.22,71124.82,73622.2,144895.28,12402.64,306938.52
74377,"ANDRÉ ZACHAROW",0,3940.35,0,5546.34,0,19800
74378,"ASSIS DO COUTO",5351.89,125101.53,273098.05,163599.78,71768.37,283285.71
74382,"EDUARDO SCIARRA",0,1940.42,929.5,0,3072.29,0
74383,"GIACOBO",0,67181.3,129000,144702.55,4065.8,190370
74385,"TAKAYAMA",15232.29,21739.06,91361.65,66037.82,15077.51,73350
74388,"JORGE BOEIRA",0,771.03,0,131648.8,95,3556.8
74395,"JOSÉ OTÁVIO GERMANO",0,14098.75,116396.64,141680.51,18197,223900
74398,"MARIA DO ROSÁRIO",991.33,61159.61,72271,159698.78,111951.18,76516.82
74399,"ONYX LORENZONI",7536.01,66607.19,35500.17,271595.98,46411.76,69417.2
74400,"PAULO PIMENTA",0,43521.29,0,138752.31,119964.03,245691.25
74417,"FERNANDO FERRO",0,0,9560,1100.03,0,19950
74419,"GONZAGA PATRIOTA",13735.16,85118.77,81200,99280.13,13400.63,177700.03
74421,"INOCÊNCIO OLIVEIRA",0,0,0,3740.07,0,0
74423,"JOSÉ CHAVES",0,4219.2,0,3687.55,2459.15,800
74428,"MENDONÇA FILHO",910.63,34845.76,52760,124187.56,16861.82,41580
74430,"OSVALDO COELHO",1306.85,4482.59,0,10470.55,230.08,18800.31
74439,"WOLNEY QUEIROZ",8093.67,77665.83,96674.1,135807.34,43444.79,49800
74445,"JOÃO CASTELO",13664.96,36129.72,104500,81625.72,2650.68,68740
74447,"NICE LOBÃO",0,0,0,8672.2,0,0
74449,"PEDRO FERNANDES",22.53,88977.28,171700,99139.97,0,20000
74456,"MANOEL SALVIANO",473,4500,7500,4797.4,942.09,0
74457,"MORONI TORGAN",271.42,535.57,0,14755.05,1990.1,28000
74459,"ÁTILA LIRA",0,152730.01,352030,203636.58,44443.28,34100
74460,"MARCELO CASTRO",0,57172.91,107141.4,4460.97,10928.5,76750
74467,"DAMIÃO FELICIANO",0,47133.38,11800,119338.63,535.25,180000
74470,"MARCONDES GADELHA",271.31,509.83,3300,3059.16,0,12200
74471,"ANDRÉ DE PAULA",11516.34,17940.86,46733.33,53248.25,39928.46,800
74474,"CARLOS EDUARDO CADOCA",22492.13,83958.89,291644.16,239052.53,212465.97,28800
74533,"SÉRGIO BARRADAS CARNEIRO",0,1075.37,0,8672.36,0,0
74535,"BENITO GAMA",18626.64,64030.14,269317.8,158912.56,172737.29,188725.9
74537,"CLAUDIO CAJADO",10832.65,72032.39,169500,100899.61,94.54,61857
74553,"JOSÉ CARLOS ALELUIA",18517.64,66634.22,127300,92305.26,0,154405.81
74554,"JOSÉ ROCHA",2482.53,46469.8,0,86011.27,22425.11,218234
74556,"PEDRO EUGÊNIO",0,1379.52,5115,3151.04,10819.69,450
74558,"GIVALDO CARIMBÃO",0,79541.92,171700,106202.2,0,165800
74559,"JOÃO CALDAS",0,0,0,-1791.57,0,0
74566,"GERALDO SIMÕES",0,0,10000,0,10000,13500
74570,"JUTAHY JUNIOR",1884.05,47140.04,22828.8,55931.64,307.82,123650
74571,"NELSON PELLEGRINO",2600.5,17695.87,35297,28234.98,12457.7,22350
74574,"PAULO MAGALHÃES",395.11,81746.46,0,94776.84,56404.41,32200
74585,"LINCOLN PORTELA",1017.5,72014.35,106139,81992.77,75023.69,130547
74634,"MARCOS MEDRADO",0,4500,10000,0,0,0
74650,"BONIFÁCIO DE ANDRADA",986.9,84001.91,0,445670.34,1120.36,0
74651,"CARLOS MELLES",1072.33,21812.04,0,125789.78,56211.07,234889.23
74655,"EDUARDO BARBOSA",12472.09,48296.74,110767.06,75420.9,69383.67,149272.14
74665,"JAIME MARTINS",1375.32,78392.64,74800,89755.41,22862.54,111054
74686,"JORGE BITTAR",221.62,829.06,1800,11466.51,0,0
74688,"LUIZ SÉRGIO",3819.6,54013.92,0,153034.6,146511.92,69900
74693,"RODRIGO MAIA",734.84,20501.91,59050,125141.67,71753.87,135350
74742,"LAEL VARELLA",0,4500,4500,0,17318.04,5685
74745,"MARCOS LIMA",198.04,490.05,0,5069.62,0,0
74749,"MAURO LOPES",4629.84,77127.02,46190,99090.53,80810.32,27500
74750,"NEWTON CARDOSO",0,3665.12,9600,0,352.5,2000
74751,"NILMÁRIO MIRANDA",690.79,6971.83,15218,8390.18,16638.03,2116
74752,"ODELMO LEÃO",9016.76,17854.22,50716.66,69146.18,55507.06,46538.8
74762,"SARAIVA FELIPE",924.56,73016.42,13206.24,126848.51,53406.23,0
74765,"SILAS BRASILEIRO",330.18,47561.17,9800,15702.49,20203.44,40100
74780,"IARA BERNARDI",0,4174.56,0,2748.79,1500,22390
74784,"LUIZA ERUNDINA",0,46587.13,51445.11,116439.08,61585.09,11364.03
74787,"MILTON MONTI",226.17,33472.78,65854.9,111910.91,160036.21,65287.88
74802,"MAGELA",0,983.71,3097,0,3028.05,0
74812,"PEDRO CHAVES",2329.54,75587.08,44296,11913.95,35031.13,40457.5
74813,"RONALDO CAIADO",0,2798.48,11500,6699.29,6454.51,0
74830,"ALEXANDRE SANTOS",0,0,0,8624.34,3218.91,0
74833,"AROLDE DE OLIVEIRA",0,0,0,33392.56,68041.18,437.37
74838,"EDSON EZEQUIEL",0,121.55,0,0,0,0
74847,"JAIR BOLSONARO",2213.07,4583.85,35933.43,156225.12,18036.23,45255.49
74848,"JANDIRA FEGHALI",2493.6,46765.47,74065.5,187757.41,118851.65,34725
74856,"LAURA CARNEIRO",1725.13,12157.63,7586,23825.63,16304.37,123980
74862,"MIRO TEIXEIRA",0,0,0,207624.16,0,0
76287,"MARCELO MATOS",4114.82,47706.04,73900,148310.44,7416.61,54000
80920,"PENNA",52.69,3818.39,2354.39,27905.5,32055.12,66990
81232,"IRAJÁ ABREU",206.32,50816.03,0,110529.62,62328.95,232300
81366,"LUANA COSTA",72.85,6115.59,0,16717.08,2452.5,77500
88950,"RODRIGO GARCIA",13,4128.7,0,29516.4,22706.38,0
89282,"REGUFFE",0,0,0,0,0,0
91208,"ROBINSON ALMEIDA",2012.27,5213.95,9820,7200.19,0,24000
92346,"EDUARDO BOLSONARO",3888.75,6615.92,37671.87,222046.22,62534.62,7820
92355,"VITOR PAULO",0,2340.89,0,546.5,0,0
92699,"FERNANDO MONTEIRO",0,51139.69,131750,121537.53,80490.81,105900
92776,"STEFANO AGUIAR",1463.3,27934.37,55188.52,78201.71,72349.75,51331.1
93083,"CACÁ LEÃO",5254.81,71102.38,238298.38,212400.82,182042.24,34910
93472,"CRISTIANE BRASIL",1554.92,15329.84,67826.84,99028.45,76050.93,37310
94931,"LUCIO VIEIRA LIMA",0,49493,108500,101324.85,782.6,80300
97707,"HERÁCLITO FORTES",369.36,42315.55,18400,179416.18,53154.26,35000
97822,"JAQUELINE RORIZ",0,0,0,0,0,27480
99654,"ERIVELTON SANTANA",507.92,58902.92,81221,120068.08,54511.07,37000
101309,"DAVIDSON MAGALHÃES",6458.75,51988.06,100115,102279.16,46245.04,185673.53
104254,"RUI COSTA",0,0,0,-376.99,0,0
105112,"CABUÇU BORGES",0,54154.36,225951.6,120696.57,159777.74,376250
109152,"BERNARDO SANTANA DE VASCONCELLOS",0,963.02,0,2062.1,6614.15,0
112437,"JOÃO MARCELO SOUZA",15627.72,24949.43,154650,78647.9,56145.21,119460
113247,"VALMIR PRASCIDELLI",1495.08,44194.42,27195.89,133774.19,74894.24,70854
114941,"JOSI NUNES",1932.12,63093.59,140000,20577.19,31284.98,274834.88
116663,"ALFREDO SIRKIS",363.8,937.26,0,552.1,3918.35,21671.1
118384,"DR. CARLOS ALBERTO",316.92,180.02,10000,0,453.91,8000
118594,"MARCELO SQUASSONI",0,23811.01,84481.14,153470.03,45345.67,91272.6
121759,"MARLLOS SAMPAIO",6801.35,4469.97,0,0,0,19200
122158,"PEDRO PAULO",3656.31,7561.78,39200,32681.82,939,61645.15
122466,"RONALDO MARTINS",6632.03,68019.54,86120.32,80858.31,71282.14,180751.05
123756,"ANTÔNIA LÚCIA",0,0,0,3016.42,0,38000
124411,"MAURO PEREIRA",10136.03,56414.13,42748,154410.44,73384.59,1782
129037,"GABRIEL GUIMARÃES",0,42712.49,100205.84,164484.16,165624.07,0
129618,"GORETE PEREIRA",1080.53,70784.95,95440,112841.6,1195.81,282211.18
131943,"JARBAS VASCONCELOS",5753.96,38418.59,128168.84,120788.71,82033.31,11400
131966,"JOSÉ FOGAÇA",0,20789.1,1588.17,145020.67,56399.44,0
132056,"PAULO MALUF",34.78,52748.69,44800,200816.11,99812.95,960
132504,"ENIO VERRI",6132.49,66633.73,113028.45,81627.64,51832.56,148796.8
133373,"MARCO MAIA",406.48,40076.21,104270,216244.43,69637.61,40683.73
133374,"ADEMIR CAMILO",14072.16,81349.16,182487.66,225328.12,24170.72,339425
133439,"ANDRÉ FIGUEIREDO",6150.01,81147.06,38794.9,202037.8,119744.37,148100.28
134812,"EDMILSON RODRIGUES",129.54,36193.55,62756.2,241737.71,43694.78,178115
136811,"AFONSO HAMM",10585.61,66571.05,153277.63,426374,91848.19,91800
137070,"VICENTINHO JÚNIOR",1703.87,72958.09,72250,38521.88,61803.33,26470
137853,"WADSON RIBEIRO",310.74,41069.92,91416.57,116280.45,59725.46,55549
141335,"BETO FARO",0,126965.35,273939.02,362750,78082.59,110410.01
141371,"DR. ADILSON SOARES",2400.19,4500,8215.5,536.37,13961,0
141372,"AELTON FREITAS",23984.06,138468.56,208641.5,68876.95,88394.6,162899.9
141374,"ALEXANDRE SILVEIRA",137.83,4488.13,401.69,18161.96,0,0
141375,"ALINE CORRÊA",62.97,554.27,0,3010.29,0,0
141379,"ANDREIA ZITO",244.86,4013.29,0,2605.21,319.88,0
141381,"ANGELO VANHONI",0,3417.03,0,4225.91,0,14300
141383,"ANTONIO BULHÕES",31696.79,38690.27,589.5,116273.41,51315.42,421187.89
141384,"VALADARES FILHO",1786.24,55194.3,144500,108670.83,0,251619.03
141385,"DUARTE NOGUEIRA",50.53,300.53,0,-485.37,0,0
141386,"EUDES XAVIER",0,4500,0,0,0,0
141387,"ANTÔNIO ANDRADE",0,0,0,-167.37,0,0
141389,"INDIO DA COSTA",7158.59,11515.56,19750,105847.96,45039.88,30450
141391,"ARNALDO JARDIM",97.5,0,0,4060.23,0,0
141393,"BRUNO RODRIGUES",1303.18,937.79,6500,5954.13,0,0
141394,"BRUNO ARAÚJO",973.83,43095.35,62178.33,196056.6,35885.16,119781.2
141396,"CÂNDIDO VACCAREZZA",0,0,0,2056.07,0,0
141398,"CARLOS ZARATTINI",0,56197.34,11988.89,106385.19,177181.72,108211.69
141400,"VIEIRA DA CUNHA",0,0,0,0,0,0
141401,"CARLOS BEZERRA",8666.26,31750.93,243000,176434.93,178.64,505000
141403,"RATINHO JUNIOR",0,0,0,0,0,0
141405,"CELSO MALDANER",15178.11,63180.49,233.25,154530.11,51831.63,178013.5
141408,"CLEBER VERDE",0,39197.1,0,48844.76,1686.7,369343.95
141411,"DAGOBERTO NOGUEIRA",3661.05,49574.43,106091.57,100131.6,95391.96,82366.84
141412,"DAVI ALVES SILVA JÚNIOR",0,0,10000,0,3934.8,0
141413,"DÉCIO LIMA",22269.31,78026.44,4303.15,112451.2,36549.34,209118.6
141417,"EDIO LOPES",114.31,67083.15,175048.68,239804.08,97500,89820
141419,"EDSON SANTOS",0,0,0,6158.12,0,24000
141421,"EDUARDO DA FONTE",0,22631.72,28000,149435.39,124.1,33114
141422,"EFRAIM FILHO",865.29,60119.53,13500,89598.52,941,275350.5
141423,"ELIENE LIMA",0,4500,0,833.88,0,17782
141427,"FÁBIO RAMALHO",8277.13,41345.08,56177.6,180934.73,112123.03,16200
141428,"FÁBIO FARIA",0,77263.41,117556.06,180351.39,22824.54,155300
141429,"FELIPE MAIA",6334.37,36983.58,139096.67,134936.7,2741.1,106010
141430,"FELIPE BORNIER",0,0,0,143233.52,0,274000
141431,"FERNANDO COELHO FILHO",0,56086.29,144950,137324.6,1496.8,43510
141433,"FILIPE PEREIRA",0,0,0,0,0,0
141434,"FLAVIANO MELO",1742.4,91768.3,37700,117548.82,54651.53,18440
141438,"FRANCISCO PRACIANO",151.09,1020.01,16800,16529.25,0,0
141439,"CHICO D'ANGELO",5399.24,59260.12,0,105554.05,66008.53,111641.26
141440,"CHICO LOPES",0,29962.93,49225,184707,170364.98,109248
141441,"GEORGE HILTON",324.5,3572.65,21000,24800.19,10744.55,74247
141445,"PEPE VARGAS",1389.85,17566.88,29905,79730.36,50435.94,23808
141446,"GLADSON CAMELI",0,4448,4200,3948.45,0,10962.32
141447,"GUILHERME CAMPOS",0,1672.45,7800.21,3061.89,1696.57,0
141450,"HUGO LEAL",141.93,45220.11,0,152474.54,146542.84,70990
141453,"ÍRIS DE ARAÚJO",0,150,0,786.32,0,0
141454,"ALFREDO KAEFER",240.49,73048.17,44500,460527.54,28936.1,270898.8
141455,"JANETE ROCHA PIETÁ",0,1305.04,0,5768.95,7633.7,14870
141457,"JOÃO BITTAR",0,2777.88,0,0,2118.29,19500.5
141458,"JOÃO CARLOS BACELAR",6212.74,70184.43,10000,90123.8,3752.7,146550
141459,"JOÃO MAIA",0,1224,0,1343.62,1995.19,19000
141462,"LIRA MAIA",0,0,0,4606.6,0,34888.04
141463,"ABELARDO CAMARINHA",0,2033.13,0,0,0,30000
141464,"JOSÉ AIRTON CIRILO",8025.67,86010,203087,160287.26,5701.2,135250.01
141465,"PINTO ITAMARATY",0,1308.9,0,0,0,28000
141467,"FRANCISCO TENÓRIO",1131.9,4500,10000,8081.63,4108.55,0
141470,"JOSÉ GUIMARÃES",0,32142.52,57010,237731.42,125023.75,99406.8
141472,"RICARDO TRIPOLI",201.08,61227.58,0,133707.02,54786.95,126040
141473,"ROBERTO SANTIAGO",0,441.06,0,2063.43,0,5350
141474,"JULIÃO AMIN",1774.91,10887.39,28111.67,23645.27,12118.58,87861.2
141478,"LAERTE BESSA",686.58,41791.03,126200,1491.44,50638.69,123960
141480,"LÁZARO BOTELHO",0,68267.22,59500,157076.79,223,311687
141482,"LEONARDO QUINTÃO",5438.68,67122.47,1440,75848.22,130414.02,168400
141483,"LINDOMAR GARÇON",0,31468.83,115900,146388.82,50449.42,235650
141484,"LÚCIO VALE",0,50320.82,162180,163287.36,19182.5,0
141485,"LUIZ CARLOS BUSATO",337,25187.32,34990,185891.67,48957.94,92029.96
141487,"LUIZ FERNANDO FARIA",2621.18,24888.88,144030,94493.19,123596.99,35400
141488,"PAULO TEIXEIRA",1096.06,17165.86,0,150187.92,79460.04,282861.5
141490,"MANOEL JUNIOR",0,53890,19255,146667.65,38678.6,134364
141492,"MANUELA D'ÁVILA",0,142,1495,6197.17,0,0
141496,"MARCIO JUNQUEIRA",0,0,3000,3600.35,0,35000
141497,"MÁRCIO FRANÇA",0,0,0,0,0,0
141498,"DR. UBIALI",1667.96,4500,3500,3823.35,0,0
141500,"MARCOS MONTES",198.53,65598.67,0,80739.46,49971.27,170289.45
141502,"DALVA FIGUEIREDO",0,0,0,2104.17,0,37000
141503,"JÔ MORAES",83.4,63377.26,61900,197529.26,85135.65,43176
141506,"MAURÍCIO TRINDADE",0,0,7736.6,0,0,0
141507,"MAURO MARIANI",10095.64,51473.14,55029.64,160276.24,56768.65,61660
141509,"MIGUEL CORRÊA",0,0,0,1437.28,0,0
141513,"BILAC PINTO",15518.03,71370.81,143075,162602.61,113511.24,342000
141514,"OSMAR JÚNIOR",0,0,0,6129.25,0,28812.88
141515,"OTAVIO LEITE",12105.92,61689.01,0,124793.69,180293.82,20734.3
141516,"PAULO ABI-ACKEL",0,49578.49,137010,109978.12,13043.4,46005
141517,"PAULO HENRIQUE LUSTOSA",795.38,15278.13,28400,20279.02,624.5,68959
141518,"PAULO PEREIRA DA SILVA",0,13507.6,0,358897.38,961.4,41200
141522,"SABINO CASTELO BRANCO",0,0,30000,16795.21,119,42200
141525,"REBECCA GARCIA",0,0,0,8130.57,0,0
141527,"RENATO MOLLING",13992.92,71102.08,12148.6,121518.55,46514.99,105202.6
141529,"ROBERTO BRITTO",11905.06,40948.83,32640,113199.53,30557.4,65597.63
141531,"RODRIGO DE CASTRO",82.29,58444.35,99770,97839.3,130465.87,35339
141532,"ROCHA LOURES",0,365.16,0,6216.97,236.9,0
141535,"ROGÉRIO MARINHO",3673.81,23006.23,90000,172486.16,18019.16,109634
141536,"RÔMULO GOUVEIA",4237.95,75636.23,142320,106075.9,64051.34,211049.25
141537,"MOREIRA MENDES",264.9,4490.59,8900,1419,0,10625
141539,"SEBASTIÃO BALA ROCHA",0,608.05,6200,2113,0,11950
141542,"SÉRGIO MORAES",11293.95,48733.37,99650.6,244931.89,380.5,30
141543,"PROFESSOR SETIMO",0,4496.18,0,7885.69,3300,16128.15
141548,"SUELI VIDIGAL",0,0,0,0,0,0
141551,"URZENI ROCHA",0,0,7486.8,0,0,32025
141552,"VALTENIR PEREIRA",8701.07,69894.5,90997,112896.04,133608.05,64009.4
141553,"VANDERLEI MACRIS",13501.88,62279.31,29378.56,110057.75,142711.03,98119
141555,"VINICIUS CARVALHO",17062.58,40100.7,4508.43,68579.09,70239.49,93914.98
141557,"VITOR PENIDO",584.89,4500,9800,1439.2,0,0
141558,"WALDIR MARANHÃO",0,0,0,208863.99,0,135000
141560,"WALTER IHOSHI",43.5,43308.57,39666.85,86877.5,64026.89,76872.92
141561,"WANDENKOLK GONÇALVES",111,0,0,4451.2,0,30000
141562,"LELO COIMBRA",334.21,59484.76,147200,126390.62,33401.46,156210
141563,"WILLIAM WOO",13790.91,11885.41,0,51871.35,6813.21,48110
141870,"VILSON COVATTI",211.5,699.09,10000,1830.99,2402.91,18474
143632,"DOMINGOS NETO",0,33834.71,31630,108122.17,0,68520
144523,"DANIEL VILELA",0,36200.77,161000.86,30840.1,170919.32,2930.2
146788,"MARCELO ARO",1116.66,15893.66,73893.33,82823.01,99731.58,0
146829,"FABIANO HORTA",1347.05,6228.37,25560,35123.96,18727.58,13480
146949,"ROSINHA DA ADEFAL",3104.11,8505.17,9300,24827.88,5352.62,53000
147975,"DR. PAULO CÉSAR",0,4500,0,0,0,17278.64
148134,"PROFESSOR VICTÓRIO GALLI",0,57029.78,8800,95871.99,32635.6,374540
149327,"MAJOR FÁBIO",89,672.21,0,2740.98,29.84,0
150418,"MÁRCIO MARINHO",462.17,46272.79,25363.4,98675.29,100893.12,153100
151208,"LAERCIO OLIVEIRA",1233.65,3507.86,130453.9,121103.67,63166.06,33425
151965,"MAIA FILHO",15566.42,61985.2,113980,66024.73,823.5,60048.8
152605,"GLAUBER BRAGA",195.94,46627.72,0,68058.16,55612.81,223292.56
152607,"ZÉ VIEIRA",0,0,0,1728.13,0,28000
152610,"ROBERTO ALVES",60.5,58234.88,113200,80800.94,70593.73,76917.9
152865,"RODRIGO BETHLEM",1441.84,4200,0,10516.23,8613.64,0
154919,"ELEUSES PAIVA",0,3574.36,4000,11482.61,9513.98,0
154997,"EMILIANO JOSÉ",1070.14,1272.77,0,16557.08,700,7500
159237,"ASSIS CARVALHO",130.9,100161.3,338216,209152.04,99238.71,51065
159238,"MARCUS PESTANA",5449.81,70552.39,96583.33,74568.5,108358.82,39600
160396,"JOSÉ HUMBERTO",24.56,2014.17,6400,4221.26,0,0
160426,"ROGÉRIO ROSSO",5764.78,31301.79,51483.33,1376.79,6296.4,106199.28
160508,"AFONSO FLORENCE",9542.28,78564.05,193787.98,174587.5,140929.77,328488.6
160509,"JORGINHO MELLO",416.06,51422.69,43580,104360.6,153655.79,142008.01
160510,"LUIS TIBÉ",68.43,21485.55,12388,150972.1,105851.14,67560
160511,"ALESSANDRO MOLON",0,22522.07,0,396445.36,366081.53,19543.03
160512,"AUREO",0,0,0,253063.03,8422.5,283530.13
160514,"DR. GRILO",3215.21,4500,0,2774.4,0,7000
160515,"RONALDO BENEDET",13897.46,84944.77,96263.95,122252.6,53280.54,69645
160517,"PAULO FOLETTO",0,67424.23,15000,50216.22,127272.62,231790
160518,"WELITON PRADO",0,20435.89,49400,109413.65,2131.46,254090.8
160519,"JÚLIO CAMPOS",452.39,2497.49,4000,2962.03,0,21000
160527,"AGUINALDO RIBEIRO",363.15,72302.32,193300,255703.45,158789.87,347700
160528,"DANILO CABRAL",306.55,7373.25,15150,2369.57,9406.98,3880
160530,"ANTONIO IMBASSAHY",2288.54,84199.22,102740.4,160987.87,68782.91,132380
160531,"JHONATAN DE JESUS",0,66951.41,163500,92251.18,0,247600
160532,"ELI CORRÊA FILHO",52.63,20612.83,58500,223549.82,94009.67,31426
160533,"LILIAM SÁ",0,2482,0,9061.7,570,19454.2
160534,"LAURIETE",0,1671.09,6020,0,0,0
160535,"MARCON",8912.73,77733.93,5194,162365.16,44103.15,131776.68
160536,"MARCO TEBALDI",4877.74,84347.73,66891.29,94133.6,91449.09,60378.7
160537,"GABRIEL CHALITA",0,0,0,0,0,0
160538,"BOHN GASS",3851.79,78823.45,131555,428518.22,150396.23,111856
160539,"ANTHONY GAROTINHO",0,0,0,1644.91,6156.07,0
160540,"OTONIEL LIMA",0,4182.37,5400,1981.36,0,7900
160541,"ARTHUR LIRA",117.32,45115.31,70850,297934.56,100.35,180800
160542,"MÁRCIO MACÊDO",50.13,4500,9000,5755.18,2000,0
160543,"ANDRE MOURA",389.16,24514.34,35000,266651.49,0,666627.5
160544,"JUNJI ABE",1115,3531.71,0,1564.86,8862.04,0
160545,"ALEXANDRE LEITE",429.92,39046.15,17100,387220.4,23306.3,62400
160546,"ARMANDO VERGÍLIO",0,4500,0,0,4000,0
160547,"LUIZ ARGÔLO",573.56,3913.53,0,2666.57,4674,0
160549,"JOÃO PAULO LIMA",46.75,3900,7000,14703.9,420.01,550
160550,"LUIZ PITIMAN",0,2010,0,0,0,0
160551,"ANDERSON FERREIRA",8078.37,100342.96,240000,141336.46,151751.14,19500
160552,"DANRLEI DE DEUS HINTERHOLZ",0,47674.3,140900,224216.88,56088.4,0
160553,"ANTONIO BRITO",0,97871.52,97970.08,262888.85,183562.28,0
160554,"BERINHO BANTIM",0,0,0,40,0,40000
160555,"LOURIVAL MENDES",0,4404.38,0,7344.27,0,0
160556,"PADRE JOÃO",0,74839.06,35680.68,107778.95,44106.12,160353.49
160557,"CLÁUDIO PUTY",0,0,0,12635.6,0,21000
160558,"PAULO FREIRE",0,5228.3,70700,298307.7,47380.07,96778.9
160559,"ALCEU MOREIRA",17187.56,102463.81,32400,122910.24,269270.05,125755.23
160561,"MISSIONÁRIO JOSÉ OLIMPIO",15167.42,55365.99,43509.6,68796.12,111862.68,144762
160562,"GIROTO",0,968.24,0,1745.29,8801.71,0
160563,"ONOFRE SANTO AGOSTINI",0,197.61,0,0,3500,0
160564,"NILDA GONDIM",326.79,3730.65,0,6341.41,0,8000
160565,"MARA GABRILLI",9207.1,13500.86,9999.97,123371.99,138229.65,66722.71
160566,"NELSON PADOVANI",796.19,17591.69,25027.34,46312.46,157,129
160567,"NELSON MARCHEZAN JUNIOR",8839.07,13239.57,62945.86,81009.08,88342.03,89476.96
160568,"ROGÉRIO CARVALHO",0,0,10000,9228.76,0,0
160569,"WALDENOR PEREIRA",1569.52,56993.99,19220.51,106467.33,786,294669.83
160570,"JERÔNIMO GOERGEN",11064.49,48911.32,72590,177815.86,96314.12,14470.49
160571,"JOÃO RODRIGUES",4503.98,54004.14,105400,170661.73,80366.66,100840.26
160572,"JORGE CÔRTE REAL",5013.27,74884.64,96877,71019.39,101908.74,123340
160573,"JOÃO ARRUDA",294,40785.91,101450,167617.58,10607.91,160535
160574,"JOÃO ANANIAS",79.96,4500,7110,2601.04,0,14300
160575,"ERIKA KOKAY",52.83,37189.78,0,0,15209.47,79110.85
160576,"CÉSAR HALUM",783.23,90800.83,82966.7,61088.47,20616.36,352610
160577,"ADRIAN",0,190,0,4855.3,0,0
160578,"EDMAR ARRUDA",3003.92,57039.77,50900,83251.86,27640.76,107657.8
160579,"ALEXANDRE ROSO",22.17,912.05,0,2477.13,4795.33,179.9
160581,"ASSIS MELO",749.31,14499.37,17874.2,30273.53,5476.56,32877.24
160582,"ALBERTO FILHO",0,22690.13,125910.73,219004.31,453,332320
160586,"WILLIAM DIB",0,0,0,0,0,0
160587,"FÁBIO TRAD",0,1654.22,9882,1921.88,3150,0
160588,"DIEGO ANDRADE",709.4,23191.68,109400,117454.65,48233.38,133553
160589,"BRUNA FURLAN",613.47,112298.31,410.78,375507.7,176419.96,112302.2
160590,"HÉLIO SANTOS",0,4108.06,9016,4040.83,6742.3,0
160591,"VINICIUS GURGEL",0,66978.78,103363.6,119252.79,309146,0
160592,"ZECA DIRCEU",28251.62,42768.48,126000,119249.56,39109.7,45385
160594,"RONALDO ZULKE",131.5,1016.94,469.11,10764.4,4624.78,15950
160595,"VAZ DE LIMA",0,1150.64,6682.73,1597.4,4461.38,8577
160596,"HEULER CRUVINEL",3495.66,52281.25,44500,0,44395.19,214520
160597,"ROMÁRIO",0,100,0,8547.5,0,5400
160598,"FLÁVIA MORAIS",19,32589.8,131247.68,0,67236.5,102400.33
160599,"DIMAS FABIANO",3626.82,46241.24,129700.23,52791.48,86973.72,57632
160600,"ARTHUR OLIVEIRA MAIA",6531.67,92601.11,133086,274890.18,119362.92,292547.7
160601,"PR. MARCO FELICIANO",0,40238.66,0,173473,5253,241700
160602,"ARNALDO JORDY",20829.3,106165.37,185750,283608.16,317288.6,136814.41
160603,"AMAURI TEIXEIRA",0,1974.5,2400,1518.5,5500,18280
160604,"PEDRO UCZAI",14248.44,78615.87,36257.73,151733.16,76018.37,65681.96
160605,"CARLOS MAGNO",0,3815,300.16,8364.18,0,25400
160606,"DELEGADO PROTÓGENES",0,4396.94,0,911.95,3529.59,0
160607,"JOSE STÉDILE",12441.54,59151.21,14300,111567.23,82339.83,246283
160609,"WALTER TOSTA",0,0,0,1009.27,0,0
160610,"VALMIR ASSUNÇÃO",0,61336.02,66000,160688.61,65145.12,97200
160611,"TONINHO PINHEIRO",6671.4,39954.19,121940,79793.69,601.6,278123.63
160612,"SERGIO ZVEITER",0,5533.61,36125,140557.89,20589.97,60631.5
160613,"SIBÁ MACHADO",381.15,58277.18,120085.3,108311.11,76315.39,101922.25
160614,"ROSANE FERREIRA",234.9,2923.66,739,2580.12,225.2,6834.43
160617,"THIAGO PEIXOTO",0,24487.82,17700,16112.02,6606.92,16800
160618,"EDSON PIMENTA",1608.5,2316.54,10000,10258.06,3350,0
160619,"JOSÉ NUNES",12399.01,51105.36,60600,94134.68,56184.92,243000
160620,"WASHINGTON REIS",83.53,52738.55,80400,91214.69,73971.38,0
160621,"SANDRO ALEX",10929.6,43518.34,37900,102372.42,19079.35,131833.33
160622,"VICENTE CANDIDO",5688.08,46554.37,51750,160919.57,106434.45,70864.36
160623,"RENAN FILHO",0,0,0,0,0,0
160625,"ZOINHO",0,0,0,0,1263.84,24580
160626,"ALMEIDA LIMA",0,4500,10000,1758.98,0,0
160627,"STEPAN NERCESSIAN",0,0,7600,0,0,10000
160628,"LUCIANA SANTOS",4633.96,60549.9,104500,155262.42,79855.3,138689
160630,"SÁGUAS MORAES",5647.65,54475.98,220976.5,80343.49,82902.28,102442.82
160631,"WALNEY ROCHA",3980.17,47138.31,71523.33,112209.78,64792.39,39000
160632,"ZÉ SILVA",8143.9,71928.24,137036.82,109984.57,28610.4,111734.15
160633,"MANDETTA",7238.62,20049.77,35750,196105.41,61210.03,98859.63
160634,"CHICO DAS VERDURAS",0,4500,0,0,0,37790
160635,"RUY CARNEIRO",0,0,0,0,0,3000
160636,"WILSON FILHO",2541.91,27142.2,101200,79298.91,50250.37,216505
160637,"RONALDO FONSECA",0,23490.39,74006,0,30357.37,185096
160638,"ÂNGELO AGNOLIN",0,4500,0,0,0,29000
160639,"PROFESSORA DORINHA SEABRA REZENDE",821.06,35314.45,165090,71705.83,13097,204220
160640,"EROS BIONDINI",2367.15,71782.2,50800,113594.08,88794.12,59323.6
160641,"PROFESSORA MARCIVANIA",1894.6,29504.45,146119.72,60729.92,117722.5,141600
160642,"PASTOR EURICO",11166.35,57957.69,155500,103937.62,1298.59,198513
160643,"DR. JORGE SILVA",0,77070.39,67600,60165.94,32158.92,194970
160644,"MIRIQUINHO BATISTA",0,2864.62,0,6267.7,20523.2,0
160645,"LUIZ CARLOS",0,0,0,5740.96,0,33245
160646,"DELEGADO FRANCISCHINI",1864.56,36595.27,0,55943.76,77749.78,123094.37
160648,"JÚNIOR COIMBRA",0,4500,0,1142.17,0,24999.8
160649,"ESPERIDIÃO AMIN",1525.2,56622.88,64700,151674.94,70573.41,26500
160650,"OZIEL OLIVEIRA",0,1672.37,19950,1458.51,0,9500
160651,"ROGÉRIO PENINHA MENDONÇA",36834.14,65649.92,83820,70083.85,21099.78,22410
160652,"ROBERTO TEIXEIRA",0,3060,0,508.86,0,19000
160653,"ROBERTO DE LUCENA",3280.74,17095.79,27477,40614.48,24902.14,26103.45
160654,"RENZO BRAZ",3828.48,66782.96,101891.66,115547.57,3812.32,37054.25
160655,"RICARDO IZAR",249.66,17668.4,0,90796.67,145507.73,215488.06
160656,"RAUL LIMA",0,0,0,0,0,37999
160657,"NEWTON LIMA",0,4500,0,2308.64,0,17000
160659,"KEIKO OTA",6483.04,44116,0,99893.55,43487.59,215093.5
160660,"MARCELO AGUIAR",1475.43,15655.6,47335.71,49204.07,68202.09,181935.8
160661,"JOSÉ AUGUSTO MAIA",0,0,0,2449.91,0,34000
160662,"LUIZ FERNANDO MACHADO",0,0,0,2368.89,290,24000
160663,"LEOPOLDO MEYER",13775.23,22355.75,59331.9,98132,47268.88,41645
160665,"AUGUSTO COUTINHO",17272.7,104213.91,171034.59,185302.03,274784.34,238293.6
160666,"FÉLIX MENDONÇA JÚNIOR",10404.26,67533.21,82010,105465.22,16978.94,174000
160667,"GUILHERME MUSSI",0,0,0,217835.2,220095.58,54000
160669,"GENECIAS NORONHA",412.82,49690.54,38453.3,109554.84,38806.18,225800
160670,"PADRE TON",386.89,4491.6,1570.75,10184.51,7182,10400
160671,"JESUS RODRIGUES",16.5,4156.69,9000,1846.78,317.32,8440
160672,"JEAN WYLLYS",104.26,7508.31,0,103653.41,66497.42,6399.99
160673,"GIOVANI CHERINI",11142.97,48827.52,110810.22,96447.03,85305.31,50842.77
160674,"HUGO MOTTA",69,52159.6,40250,127694.23,656.25,216550
160675,"JÂNIO NATAL",0,0,10000,502.85,0,19800
160676,"FERNANDO TORRES",542.61,49574.75,38546.39,32041.93,8800,146600
160677,"FRANCISCO FLORIANO",18766.73,44537.79,64007.2,80556.77,13925.06,100000
160678,"ARTUR BRUNO",0,0,0,0,0,0
160679,"TAUMATURGO LIMA",0,4500,0,2651.17,0,27200
160758,"DOMINGOS SÁVIO",2156.86,34807.4,0,78248.83,86134.7,220055.53
160974,"HUGO NAPOLEÃO",0,4500,10000,5364.41,0,0
160976,"TIRIRICA",2943.79,9073.61,0,134259.93,1548.99,0
161903,"ROBERTO DORNER",135.7,1088.1,0,3459.55,290,28725.3
161904,"DUDIMAR PAXIUBA",106.79,4037.05,6000,1679.95,0,0
161906,"LUIZ OTAVIO",0,0,9900,5138.98,0,0
161907,"ACELINO POPÓ",0,0,0,1820.57,2750,18000
162174,"POLICARPO",0,50,0,0,1922.04,0
162332,"LUIZ NISHIMORI",6149.65,72052.98,94900,110911.15,78449.01,143195
163321,"RONALDO NOGUEIRA",4034.29,28522.02,31980.75,124213.17,56652.92,65162.8
163322,"VILALBA",0,4500,0,5580,1534.34,0
163831,"FERNANDO JORDÃO",2989.26,8826.02,35100,134324.54,6171.3,148922
164359,"DELEGADO WALDIR",160.85,17419.17,0,1006.89,735.56,0
164360,"CARMEN ZANOTTO",9985.9,62882.44,39935.49,96119.69,33008.21,78298
166401,"NILSON LEITÃO",186,18587.34,108590.1,200575.05,35378.03,69252.72
166402,"MAGDA MOFATTO",5307.02,64064.11,78671.7,950.94,267279.83,4000
166727,"DRA. ELAINE ABISSAMRA",0,0,0,0,0,18497.6
167493,"WEVERTON ROCHA",448.43,50446.25,74719.3,109078.56,165.29,187550.02
167614,"SEVERINO NINHO",2617.55,15502.42,20500,26648.15,22490,18000
167617,"VANDERLEI SIRAQUE",0,1380,0,1041.4,1755.49,19500
167722,"MARCOS ROGÉRIO",14967.16,80067.57,156406.5,141688.52,43460.06,99590.34
168175,"SIMPLÍCIO ARAÚJO",0,0,0,0,0,0
168253,"ZE CARLOS DA PESCA",89.78,956.05,0,2202.2,0,0
168447,"MÁRIO FEITOZA",0,0,0,10119.18,0,0
169711,"TELMA PINHEIRO",0,1208,0,2020.57,0,0
169712,"ALEXANDRE TOLEDO",19.74,374.67,0,0,0,6000
170673,"PROFESSOR SÉRGIO DE OLIVEIRA",0,4400,0,6349.33,0,15000
171617,"PAULÃO",23939.19,52200.34,3296.11,116811.01,78589.28,173850
171618,"LUIZ DE DEUS",0,175,10000,1668.44,0,14000
171619,"MARGARIDA SALOMÃO",4066.14,40824.62,526.8,163455.33,86498.74,6062
171620,"RENATO ANDRADE",1534.73,17136.18,4760,19405.64,4590.98,38210.49
171621,"EURICO JÚNIOR",231.74,4409.38,10000,1062.4,0,0
171622,"MANUEL ROSA NECA",0,200.01,0,5995.1,0,0
171623,"FABIO REIS",0,59823.33,166900,83894.11,54621.92,138950
172029,"FRANCISCO CHAGAS",0,190,0,6265.25,5508.11,0
173269,"AKIRA OTSUBO",0,4499,0,991.92,0,27000
174854,"DENILSON TEIXEIRA",2597.99,752.1,3690,4110.4,0,8100
174861,"AMIR LANDO",10.5,380.41,0,9083.48,346,15000
175212,"RENATO SIMÕES",0,124,0,10461.48,0,0
175737,"HELCIO SILVA",10.9,1136.43,0,0,224.8,31800
176120,"GUSTAVO PETTA",0,654.2,5000,4711.55,0,22000
176794,"MARIA LUCIA PRANDI",83.13,1498.78,5095.35,0,1539.35,19470
177282,"SUBTENENTE GONZAGA",5544.45,34770.01,57581.23,133955.7,84279.1,57303.06
178802,"LUIZ CARLOS RAMOS",25978.99,26850.64,92600,63697.26,2385.6,78000
178821,"MARCELINHO CARIOCA",22,587.06,3200,10906.08,3800,0
178825,"LEO DE BRITO",4636.34,69272.72,105513.66,160863.26,128389.91,139350
178826,"MAJOR OLIMPIO",22317.25,34938.66,3780.87,97865.19,93517.18,238656.6
178827,"MAX FILHO",1219.26,15948.94,9134.48,92554.19,106663.16,13170
178828,"EVANDRO GUSSI",15064.66,59111.34,84425,174430.87,26605.19,9640
178829,"CAPITÃO AUGUSTO",17690.09,114356.6,64809.45,82484.79,177143.79,425120
178830,"DR. SINVAL MALHEIROS",7592.45,79898.83,32756.2,153742.2,2844.08,62121.63
178831,"ANDRÉ ABDON",7224.06,118930.47,258383.2,98288.3,444340.63,97670
178832,"LEANDRE",3910.01,58482.56,29333.51,79944.46,56307.44,74183
178833,"ALEXANDRE SERFIOTIS",14204.42,96637.98,34260.85,148491.75,39783.14,286917.11
178834,"BEBETO",0,35082.97,257000,248447.1,195019.8,218420
178835,"AFONSO MOTTA",36017.88,139171.96,161458.42,261172.76,124370.67,184000
178836,"ALAN RICK",12355.92,125726.18,115429.02,188425.16,65302.2,535170
178837,"ANGELIM",4135.73,110260.15,197249.51,321786.53,124084.09,187475.35
178838,"CÉSAR MESSIAS",9950.32,66144.58,147988.67,159722.27,1252,94465
178839,"JÉSSICA SALES",5433.86,72584.03,38932.33,128239.82,316.75,386900
178840,"ROCHA",6319.19,54093.32,45628.45,167223.51,10351.39,245423.33
178841,"CÍCERO ALMEIDA",4469.36,13224.8,60900,103102.7,54568.95,111728
178842,"JHC",0,12741.12,7638.47,97635.34,2467.9,242285.6
178843,"MARX BELTRÃO",0,37271.08,89100,72827.48,22198.57,108100
178844,"PEDRO VILELA",112.94,33172.39,33950,90718.53,1119.5,172920
178845,"RONALDO LESSA",24934.17,29989.4,152000,168376.48,75874.54,74297.8
178846,"ALFREDO NASCIMENTO",0,23792.21,78673.3,372498.18,94324.42,313041.51
178847,"ARTHUR VIRGÍLIO BISNETO",200,14371.13,246170.31,527080.37,185.5,21239
178848,"CONCEIÇÃO SAMPAIO",1243.63,21203.43,0,63794.62,30665.84,64645.5
178849,"HISSA ABRAHÃO",2519.11,34756.15,17273,155372.08,50928.9,309675
178850,"MARCOS ROTTA",0,53415.56,61000,103448.81,1763.49,173155
178851,"JOZI ARAÚJO",0,23776.23,83600,107672.94,69388.04,247559
178852,"MARCOS REATEGUI",988.44,10058.75,82500,122498.15,120768.1,144370.8
178853,"CAETANO",0,77568.06,155298,182635.28,145151.7,224355
178854,"ELMAR NASCIMENTO",6645.65,22309.16,107160,87157.96,8870.2,45000
178855,"IRMÃO LAZARO",4388.8,35360.97,8500,73696.56,100364.51,193118
178856,"JOÃO GUALBERTO",0,64205.92,35427.02,2167.99,21359.37,37290
178857,"JORGE SOLLA",14572.24,64565.12,122400,108632.78,133987.4,56100
178858,"MÁRIO NEGROMONTE JR.",1728.27,22357.3,57000,89681.83,792.73,257150
178859,"MOEMA GRAMACHO",6010.34,29637.93,70000,50040.7,90388.7,95900
178860,"PAULO AZI",7321.66,35712.63,97600,72745.39,7495.73,180000
178861,"RONALDO CARLETTO",905.93,57527.87,0,116965.19,1104.9,214000
178862,"TIA ERON",686.44,16282.35,20600.4,106794.41,2008.18,353608.38
178863,"ULDURICO JUNIOR",52.63,27580.35,0,100616.86,904.1,386760.2
178864,"ADAIL CARNEIRO",9530.18,104783.79,304660,130538.45,7272,208339.35
178865,"CABO SABINO",13933.74,88502.04,97064.9,233202.98,78362.73,407300
178866,"LUIZIANNE LINS",6127.95,30055.01,48280.2,182793.64,43377.09,203619.12
178867,"MACEDO",0,21884.88,49400,129264.47,23052.3,267550
178868,"ODORICO MONTEIRO",2799.19,65125.99,144965.53,222299.75,26531.44,97435.61
178869,"VITOR VALIM",0,1800,61896.99,152761.59,51207.57,49800
178870,"RÔNEY NEMER",4781.91,30993.98,31146.74,0,1245.95,169400
178871,"EVAIR VIEIRA DE MELO",1500.8,54457.1,80724.32,108188.58,50118.71,71241.53
178872,"GIVALDO VIEIRA",344.78,47649.31,65563.39,130298.91,73488.56,112000.08
178873,"HELDER SALOMÃO",0,12332.87,40909.77,50848.52,62932.59,94466.5
178874,"SERGIO VIDIGAL",0,69238.45,50250,69193.23,48413.3,102502.75
178875,"ALEXANDRE BALDY",2800.76,129505.58,46544.64,84937.99,226981.25,161555
178876,"CÉLIO SILVEIRA",1929.88,71234.2,0,7104.26,4119.6,127241.5
178877,"FÁBIO SOUSA",4083.17,41070.25,28583,1388.04,71750.43,40900
178878,"GIUSEPPE VECCI",3245.08,71543.5,92696.38,7936.6,42377.2,141530
178879,"LUCAS VERGILIO",428.55,48483.73,113546.34,3934.27,73831.31,138622
178880,"MARCOS ABRÃO",14232.68,58694.16,49879.5,39952.09,4688.48,189452.18
178881,"ALUISIO MENDES",8885.94,55403.75,137100.11,181823.32,125383.2,109280
178882,"ANDRÉ FUFUCA",472.06,73687.22,43452.5,211881.49,22835.72,295758.8
178883,"ELIZIANE GAMA",3075.33,20541.63,0,146189.55,14439.97,193200
178884,"HILDO ROCHA",4300.17,24227.86,83737.8,80322.05,45207.4,302609.97
178885,"JUNIOR MARRECA",5103.13,28724.42,150097.04,103760.93,17557.56,187300
178886,"JUSCELINO FILHO",3023.63,63413.49,140866.61,75490.34,20295.65,152500
178887,"RUBENS PEREIRA JÚNIOR",1116.54,57642.18,0,81239.76,50291.06,276030
178888,"VICTOR MENDES",1552,37850.58,8500,59018.49,10184.65,172183
178889,"ZÉ CARLOS",11967.58,62970.58,116219,111250.61,116874.79,104876.11
178890,"ADELMO CARNEIRO LEÃO",5730.18,100518.55,107700,172528.73,180004.02,110438
178891,"CAIO NARCIO",12879.92,125998.88,87500,209419.2,25415.09,268147.7
178892,"DÂMINA PEREIRA",4304.92,56295.23,69240,95098.93,107756.09,93589.8
178893,"DELEGADO EDSON MOREIRA",14224.65,36553.04,120739.73,64452.49,84068.07,124254.05
178894,"LAUDIVIO CARVALHO",7373.41,38306.18,71550,90582.17,166168.71,59630
178895,"MISAEL VARELLA",6598.73,55218.44,0,65611.09,152796.83,146260
178896,"NEWTON CARDOSO JR",4964.18,46541.18,112232,166421.27,79061.25,33370
178897,"RODRIGO PACHECO",3556.89,40600.51,65600,118853.11,65432.71,59429.64
178898,"TENENTE LÚCIO",1187.61,78203.82,27350,94992.74,70793.51,192814
178900,"CARLOS MARUN",200.76,77343.32,140218.3,122613.8,28705.28,161000
178901,"TEREZA CRISTINA",1805.11,43784.06,129600,98641.43,104750.51,165279.5
178902,"ZECA DO PT",5582.26,58320.81,144800,71556.73,33394.41,194370.67
178903,"ADILTON SACHETTI",2986.1,51773.87,260390,187286.52,94186.43,10062.4
178904,"EZEQUIEL FONSECA",1674.28,73711.72,150800,102801.5,59293.68,133742
178905,"FABIO GARCIA",0,57829.95,12732.85,105855.85,71972.7,64795.08
178906,"BETO SALAME",1424.67,80202.72,64675.81,229344.25,44119.3,214460.26
178907,"FRANCISCO CHAPADINHA",4712.83,72181.94,120400,51670.22,50977.96,314067.61
178908,"DELEGADO ÉDER MAURO",254.57,43242.25,180500,90361.07,62000.8,114550
178909,"HÉLIO LEITE",4170.91,75502.71,92894.7,110901.56,46515.13,142525
178910,"JOAQUIM PASSARINHO",0,51244.26,104940.53,116391.25,109008.6,164442
178911,"SIMONE MORGADO",1687.84,27903.86,149065,129507.16,24155.93,106200
178912,"PEDRO CUNHA LIMA",0,22913.76,40200,74385.57,607.5,158325
178913,"VENEZIANO VITAL DO RÊGO",6179.14,64610.12,85300,100682.37,1053.55,304155.03
178914,"ADALBERTO CAVALCANTI",2130.93,148179.22,264248.12,184169.3,126651.5,59650
178915,"BETINHO GOMES",9133.23,75541.3,231108.5,159193.26,117557.3,309700.04
178916,"DANIEL COELHO",4797.64,47409.85,121200,96413.67,23648.5,171635
178917,"JOÃO FERNANDO COUTINHO",8806.67,51448.72,139830,115391.98,48945.66,67000
178918,"KAIO MANIÇOBA",2481.92,45829.05,137150,109759.3,18697.8,163600
178919,"MARINALDO ROSENDO",21673.03,19999.99,47129.57,344064.67,28728.49,10100
178920,"RICARDO TEOBALDO",4994.92,31408.7,130000,77294.32,15572.95,196051.83
178922,"TADEU ALENCAR",270.33,44183.56,86058.7,130986.6,116709.31,48140.2
178923,"ZECA CAVALCANTI",8877.83,32818.37,111690.6,88701.27,35133.94,207762.34
178924,"CAPITÃO FÁBIO ABREU",320,1507.59,5000,953.73,0,0
178925,"REJANE DIAS",0,0,0,9557.92,1317,0
178926,"RODRIGO MARTINS",0,53317.08,167400,92340.53,151.75,107900
178927,"ALIEL MACHADO",9774.81,93545.66,0,190109.86,92259.83,234858.49
178928,"CHRISTIANE DE SOUZA YARED",12875.74,40574.43,27614.66,125998.46,99594.98,50913
178929,"DIEGO GARCIA",8157.41,64794.49,71413.4,149101.57,60537.88,50806.7
178930,"EVANDRO ROMAN",5379.83,68420.65,65425.73,122743.9,115676.52,50246.7
178931,"LUCIANO DUCCI",3070.24,53865.52,53636.17,107120.48,74059.36,23990
178932,"MARCELO BELINATI",6791.16,48872.41,39211.62,59547.46,75362.4,107102.96
178933,"SERGIO SOUZA",435.5,56813.21,71886.88,127690.94,111478.26,15910
178934,"TONINHO WANDSCHEER",2608.42,34807.38,64350,71925.97,63083.84,177731.5
178935,"ROSSONI",9883.65,44487.05,104000,100921.69,42078.95,10140
178936,"ALEXANDRE VALLE",453.94,15649.46,93260,202602,226903.32,273665.23
178937,"ALTINEU CÔRTES",0,0,0,157380.39,20870.64,573010
178938,"CABO DACIOLO",2154.67,52089.85,21109.75,245248.86,19778.97,106372.46
178939,"CLARISSA GAROTINHO",1172,6961.37,39199,179690.75,81192.47,0
178940,"DR. JOÃO",0,5442.81,41250,130208.13,57991.2,132000
178941,"EZEQUIEL TEIXEIRA",15511.16,21549.72,0,108992,1645.75,217255
178942,"MARCO ANTÔNIO CABRAL",126.69,987.51,4200,59742.05,7231.3,0
178943,"MARCOS SOARES",14077.77,48689.61,89207.51,150305.64,76049.44,34234.2
178944,"ROBERTO SALES",9333.94,15621.49,36336,37895.44,128523.98,79591
178945,"ROSANGELA GOMES",8790.99,40374.06,52319.95,87414.63,2570.5,126092.2
178946,"SORAYA SANTOS",0,13901.8,0,180011.65,23245.97,170800
178947,"SÓSTENES CAVALCANTE",14384.97,45173.44,40243.6,102345.42,57746.92,136237
178948,"BETO ROSADO",179.47,90484.37,106244,273512.83,2297.66,278837.6
178949,"ZENAIDE MAIA",1277.69,32554.46,32252.9,110339.17,24391.35,283450
178950,"ANTÔNIO JÁCOME",28364.18,77878.54,112400,173857.48,22083.76,474162
178951,"RAFAEL MOTTA",0,15894.18,85260,135341.15,43799.89,181644
178952,"WALTER ALVES",1874.73,47207.29,58170.13,127782.11,42780.19,98100
178953,"EXPEDITO NETTO",226.97,36665.18,129777.5,58250.33,30110.12,296299.97
178954,"LUCIO MOSQUINI",8936.19,40978.52,36988.12,149053.23,6471.56,239420.35
178955,"LUIZ CLÁUDIO",4683.92,54655.09,0,111848.9,7330.21,347161.96
178956,"MARIANA CARVALHO",820.74,13831.3,119466.67,92624.25,2930.9,94180
178957,"ABEL MESQUITA JR.",234.72,89439.6,157588.1,185998.51,2261.57,255000
178958,"CARLOS ANDRADE",2193.71,107847.11,178867.62,256306.65,151613.93,385652.98
178959,"HIRAN GONÇALVES",3791.92,47452.71,88600,70755.21,75427.3,215710
178960,"REMÍDIO MONAI",0,79825.62,149999.92,113448.85,11614.85,118536
178961,"SHÉRIDAN",259,60714.34,44000,211869.75,12742.47,200650
178962,"CARLOS GOMES",25722.58,124477.7,3807.64,148777.07,179842.84,100773.79
178963,"COVATTI FILHO",3317.25,31745.91,141901.16,127483.96,99797.76,117485.43
178964,"HEITOR SCHUCH",2413.09,34481.05,124673,85621.7,85558.21,116287.83
178965,"JOÃO DERLY",4638.05,25836.2,31785,154693.03,82298.38,135322.25
178966,"GEOVANIA DE SÁ",7815.05,70346.52,72220,102394.3,64613.76,133723.4
178967,"JOÃO PAULO KLEINÜBING",1268.45,12783.54,28500,35212.67,11985.58,5004
178968,"ADELSON BARRETO",0,38715.85,236000,201328.45,23744.28,48000
178969,"FÁBIO MITIDIERI",7634.68,25820.51,140000,69078.44,2162.9,176575
178970,"JOÃO DANIEL",731.14,59663.22,129000,120434.03,35622.14,79700
178971,"JONY MARCOS",4887.4,37095.98,128068.2,99917.16,7233.22,172021
178972,"ALEX MANENTE",11797.04,28432.54,0,138571.13,133335.17,527235.7
178973,"ANA PERUGINI",3628.7,130934.79,147234,255514.78,123794.08,241957.05
178974,"ANDRES SANCHEZ",5348.84,56666.57,86400,187717.54,252582.24,29455.9
178975,"BALEIA ROSSI",466.15,13420.57,0,184707.14,270991.91,196685
178976,"BRUNO COVAS",5409.32,33864.19,40402,230952.13,120375.2,167200
178977,"EDUARDO CURY",12074.71,27054.05,68714.68,93231.5,77699.4,61318.18
178978,"FLAVINHO",5726.48,17087.21,58350,87884.12,87535.74,20569.01
178979,"FLORIANO PESARO",350.36,92.05,484.38,6169.03,0,0
178980,"GOULART",7415.6,27768.88,68000,87977.5,175797.75,63914.21
178981,"HERCULANO PASSOS",3243.83,31916.68,60431.2,116460.15,56795.4,139919.58
178982,"LUIZ LAURO FILHO",11249.4,25441.96,139900,125620.13,103618.13,4841
178983,"MARCIO ALVINO",0,34870.35,33245.08,161884.58,184191.15,0
178984,"MIGUEL HADDAD",1597.45,11318.01,8319.36,125409.52,70995.7,98829
178985,"MIGUEL LOMBARDI",14619.6,55770.09,73223.04,144254.12,19253.71,100399
178986,"NILTO TATTO",4621.35,24333.9,40552.6,94757.66,84766,174991.67
178987,"ORLANDO SILVA",0,42812.38,64400,95195.27,94192.45,135855
178988,"JOÃO PAULO PAPA",1711.55,31151.14,33728.51,102940.06,84388.18,29423.6
178989,"RENATA ABREU",1325.29,27340.08,47200,175241.12,4004.01,97500
178990,"SAMUEL MOREIRA",10096.84,11047.47,39066.67,81863.03,71885.89,59440.44
178991,"SÉRGIO REIS",9461.03,18018.56,118250,68792.09,201899.04,9082.5
178992,"VITOR LIPPI",7553.23,26976.74,0,108574.12,143018.22,124162.4
178993,"CARLOS HENRIQUE GAGUIM",0,32610.39,143500,46711.65,35006.79,172200
178994,"DULCE MIRANDA",0,12640.24,0,110303.3,49265.56,188980
178995,"ROBERTO GÓES",0,17644.57,0,165764.32,74345.65,212200
178996,"GIOVANI FELTES",0,0,0,4087.99,0,0
178997,"MOSES RODRIGUES",1937.82,53761.62,29955,182808.78,11268.65,161900
178998,"RAQUEL MUNIZ",4642.59,60271.61,18933.75,191453.28,31088.87,40898
178999,"BRUNNY",5925.34,72871.31,89250,226318.95,186967.54,200126.59
179000,"MARCELO ÁLVARO ANTÔNIO",6963.65,53025.78,151236.59,107549.94,17605.18,71591.42
179001,"MÁRCIO BIOLCHI",0,0,3111.36,5944.63,0,0
179379,"ROSY DE SOUSA",583.73,880.18,0,10354.72,600,6850
179380,"GILBERTO COUTINHO",1547.41,848.99,2500,16274.66,0,0
179381,"CARLOS MARTINS",160.66,1532.19,15800,13004.36,0,7000
179382,"MANOEL ANTUNES",92.6,0,0,1677.78,0,0
179383,"FERNANDO ZACHIA",506.58,1013.51,0,19175.5,0,6000
179384,"PINTO DE LUNA",0,33.99,209,5618.29,0,0
179385,"LÉO OLIVEIRA",0,100,0,357.95,0,0
179386,"MAURÍCIO ALMEIDA",402.36,2345.83,5000,3329.53,13.8,21354.4
179387,"WELLINGTON SALGADO",266.6,436.1,0,0,132.65,0
179880,"MASSAMI MIKI",0,3000,4191,7755.06,0,0
180545,"OSMAR BERTOLDI",4717.45,11457.83,0,41055.56,8120.26,80507.2
181315,"MARQUINHO MENDES",10412.24,26086.99,50400,125716.63,18613.3,42000
181316,"ELIZEU DIONIZIO",0,56987.53,64800,95981.76,129779.42,53000
185500,"DEOCLIDES MACEDO",0,9300,0,7426.54,0,30000
186775,"FRANKLIN",7481.24,29912.71,41423.17,119619.51,1629,107130
187008,"SILAS FREIRE",50.53,39263.25,97257.37,112989.76,79400.09,106354.87
188097,"MERLONG SOLANO",881.28,396.6,3080,18265.62,1318.5,0
189593,"WADIH DAMOUS",1340.63,859.25,0,142011.82,69278.21,104550
190149,"FABRICIO OLIVEIRA",2828.98,15402.94,9100,43117.86,127,31790
191684,"ROSÂNGELA CURADO",168.87,17756.94,30021,49717.41,0,48600.48
191923,"FLAVIO NOGUEIRA",0,13618.45,26010.01,30441.36,3918.03,8500
191945,"ZÉ AUGUSTO NALIN",1332.32,15933.2,0,67147.51,0,18998
192120,"ANGELA ALBINO",2370.48,13309.8,19249.8,131251.71,95303.74,61620.31
193066,"WILSON BESERRA",1117.9,20960.64,19495.2,23421.05,1905,7500
193069,"NELSON NAHIM",0,584.99,0,4265.3,0,0
193165,"ÁTILA A. NUNES",181.19,780.26,0,5450.58,0,0
193726,"PAULO MARTINS",0,0,0,-1548.38,0,0
193982,"PASTOR LUCIANO BRAGA",4204.85,4956.82,19000,15040.81,1457,9000
194258,"CREUZA PEREIRA",0,5794.16,29800,20517.14,3118.9,0
194259,"GUILHERME COELHO",4331.39,18046.6,6960,30021.87,1906.32,19060
194260,"NIVALDO ALBUQUERQUE",0,0,0,40432.02,488.27,152310
194261,"CAJAR NARDES",20082.54,51705.21,42814,84043.23,48925.21,117298.3
194262,"JONES MARTINS",257.2,7587.27,28145.49,6544.76,17268.4,0
195143,"ANDRÉ AMARAL",4,21840.99,53982.4,53839.14,7887.95,176248.57
195278,"MOISÉS DINIZ",0,19769.15,37773.32,25368.77,20000,61000
195581,"RICARDO BENTINHO",0,620.92,10900,3158.81,15766.37,0
195826,"MARCELO DELAROLI",1073.04,7088.1,0,24050.52,2033.4,48000
195866,"VAIDON OLIVEIRA",33.5,5825.77,17300.16,11253.85,7623.3,26200
195997,"POLLYANA GAMA",1731.44,5832.1,6655.22,20095.38,16928.81,14000
196357,"DEJORGE PATRÍCIO",509.02,1604.88,16000,18272.46,7628.71,3500
196358,"LOURIVAL GOMES",1612.75,3318.8,14000,15938.64,434,12000
196359,"ADÉRMIS MARINI",2625.79,10924.61,9365.66,22153.63,14113.82,34483.55
196378,"IZAQUE SILVA",0,6885.01,9600,23720.41,14182.42,21000
198198,"LUZIA FERREIRA",0,0,0,847.69,0,0
NA,"LID.GOV-CD",0,0,0,0,0,0
NA,"LIDERANÇA DO PSDB",0,0,0,0,0,0
NA,"LIDERANÇA DO PT",0,0,0,0,0,0
NA,"PDT",0,0,0,0,0,0
NA,"PHS",0,0,0,0,0,0
NA,"PROS",0,0,0,0,0,0
NA,"PSOL",0,0,0,0,0,0
NA,"PTN",0,0,0,0,0,0
NA,"SDD",0,0,0,0,0,0
